{
    "phrases": {
        "get_time": [
            "Excuse me, do you have the time?",
            "Could you tell me what time it is?",
            "Do you happen to know the time?",
            "May I ask you for the time?",
            "What's the time, please?",
            "Could you inform me of the current time?",
            "Would you mind sharing the time with me?",
            "Can you let me know what time it is?",
            "Do you have a moment to tell me the time?",
            "May I inquire about the time?",
            "What's the current time on your watch?",
            "Could you check the time for me, please?",
            "Would you be able to tell me the time right now?",
            "Do you know what time it is at the moment?",
            "Can you share the time with me, please?",
            "What's the time according to your watch?",
            "Could you please inform me of the time?",
            "May I ask for the current time from you?",
            "Would you kindly let me know the time?",
            "Do you have a second to tell me what time it is?",
            "Pardon me, could you share the current time with me?",
            "What might the time be at the moment?",
            "Do you have the time handy?",
            "Can you clue me in on the time right now?",
            "Would you be so kind as to let me know the time?",
            "What's the time looking like?",
            "Mind telling me what time it is?",
            "Could you do me a favor and check the time?",
            "Any chance you know what time it is?",
            "Can you fill me in on the time, please?",
            "What's the current time on your end?",
            "Do you happen to have the time on you?",
            "Might I inquire about the time?",
            "Could you provide me with the current time, please?",
            "Any idea what time it is right now?",
            "Can you check the time for me?",
            "Mind sharing the time with me?",
            "Would you mind letting me know the time?",
            "What's the time looking like at the moment?",
            "Can you tell me what time it is now?"
        ],
        "get_date": [
            "What's the date today?",
            "Can you tell me today's date?",
            "Do you know what the date is today?",
            "Could you inform me of the date today?",
            "Any idea about today's date?",
            "What's today's date looking like?",
            "Would you mind sharing today's date with me?",
            "Can you let me know what date it is today?",
            "Mind telling me the date for today?",
            "Could you please provide me with today's date?",
            "Do you have the date handy for today?",
            "Might I ask for today's date?",
            "What's the date on the calendar today?",
            "Any clue about the date today?",
            "Could you check and confirm today's date?",
            "Do you happen to know what today's date is?",
            "Can you share with me the date for today?",
            "Any chance you could tell me today's date?",
            "What's the date according to your calendar today?",
            "Mind letting me know what the date is today?",
            "What day of the month is it today?",
            "Could you clue me in on today's date?",
            "Any idea what the date is today?",
            "Care to share today's date with me?",
            "Do you have the date handy for today?",
            "Can you disclose today's date to me?",
            "Could you enlighten me on today's date?",
            "What's the current date, if you don't mind me asking?",
            "Any insights on today's date?",
            "Can you shed some light on the date for today?",
            "What's the date stamp for today?",
            "Mind filling me in on today's date?",
            "Any intel on today's date?",
            "Can you provide the date for today?",
            "Do you have the date at your fingertips for today?",
            "What's the date as per your calendar today?",
            "Any updates on today's date?",
            "Can you reveal today's date to me?",
            "Any details on the date for today?",
            "Could you share today's date information with me?"
        ],
        "greet": [
            "Hello!",
            "Hi there!",
            "Hey!",
            "Greetings!",
            "Good morning!",
            "Good afternoon!",
            "Good evening!",
            "Howdy!",
            "Salutations!",
            "Hiya!",
            "What's up?",
            "How's it going?",
            "Nice to see you!",
            "Hey, how are you?",
            "Yo!",
            "Hi, how have you been?",
            "Well met!",
            "Hey, what's new?",
            "Hi, nice to meet you!",
            "How are you doing today?",
            "Top of the morning to you!",
            "What's happening?",
            "How's everything?",
            "Lovely to see you!",
            "Hi, how's your day?",
            "Good to meet you!",
            "How are things with you?",
            "Well hello there!",
            "Hey, what's going on?",
            "Hi, how are you feeling?",
            "How have you been?",
            "It's great to see you!",
            "Hi, how's life treating you?",
            "Hey, nice to run into you!",
            "How's your day been so far?",
            "What's good?",
            "Hi, what have you been up to?",
            "How are you holding up?",
            "Hey, how's your week been?",
            "Hi, how are you coping?"
        ],
        "goodbye": [
            "Farewell!",
            "Take care!",
            "See you later!",
            "Bye for now!",
            "Catch you later!",
            "Have a good one!",
            "Until next time!",
            "Peace out!",
            "See you soon!",
            "Goodbye for now!",
            "Stay safe!",
            "So long!",
            "Take it easy!",
            "Adios!",
            "Until we meet again!",
            "Have a great day!",
            "Bye-bye!",
            "Keep in touch!",
            "Take care of yourself!",
            "See you around!",
            "Adieu!",
            "Toodle-oo!",
            "Cheers!",
            "Till we meet again!",
            "All the best!",
            "Peace and love!",
            "Take good care!",
            "Later, gator!",
            "Tally-ho!",
            "So long, farewell!",
            "Catch you on the flip side!",
            "To infinity and beyond!",
            "Keep the faith!",
            "Take it sleazy!",
            "Auf Wiedersehen!",
            "Arrivederci!",
            "Hasta la vista!",
            "In a while, crocodile!",
            "Ta-ta for now!",
            "Be well!"
        ]
    }
}
