{
    "phrases": {
        "get_time": [
            "Извините, можно узнать, который час?",
            "Не могли бы вы сказать мне, сколько времени?",
            "Знаете ли вы, который час?",
            "Могу ли я узнать время?",
            "Сколько времени, пожалуйста?",
            "Можете ли вы сообщить мне текущее время?",
            "Вы не могли бы сказать мне время?",
            "Можете ли вы уточнить, который час?",
            "У вас есть минутка, чтобы сказать мне время?",
            "Могу ли я узнать время?",
            "Который час по вашему времени?",
            "Могли бы вы проверить время для меня, пожалуйста?",
            "Не знаете ли вы, который час сейчас?",
            "Можете ли вы поделиться со мной временем, пожалуйста?",
            "Который час по вашим часам?",
            "Можете ли вы, пожалуйста, сообщить мне время?",
            "Могу я узнать текущее время у вас?",
            "Не могли бы вы любезно сказать мне время?",
            "У вас есть секунда, чтобы сказать мне, который час?",
            "Извините, вы не могли бы сказать мне текущее время?",
            "Каково время в данный момент?",
            "У вас есть время на руках?",
            "Не могли бы вы проинформировать меня о текущем времени?",
            "Можете ли вы подсказать мне текущее время?",
            "Было бы здорово, если бы вы могли мне сказать, который час?",
            "Как обстоят дела с временем?",
            "Вы не могли бы сказать мне, который час?",
            "Можете ли вы помочь мне и проверить время?",
            "Есть ли у вас возможность узнать, который час?",
            "Можете ли вы рассказать мне время, пожалуйста?",
            "Каково текущее время по вашему времени?",
            "Не могли бы вы сказать мне, который час сейчас?"
        ],
        "get_date": [
            "Какая сегодня дата?",
            "Можете ли вы сказать мне сегодняшнюю дату?",
            "Вы знаете, какое сегодня число?",
            "Можете ли вы сообщить мне сегодняшнюю дату?",
            "Есть ли у вас представление о сегодняшней дате?",
            "Какова сегодняшняя дата?",
            "Вы не могли бы поделиться сегодняшней датой со мной?",
            "Можете ли вы уточнить, какая сегодня дата?",
            "Не могли бы вы сказать мне сегодняшнюю дату?",
            "Можете ли вы, пожалуйста, предоставить мне сегодняшнюю дату?",
            "У вас есть сегодняшняя дата под рукой?",
            "Могу я спросить сегодняшнюю дату?",
            "Какое сегодня число по календарю?",
            "Есть ли у вас представление о сегодняшней дате?",
            "Можете ли вы проверить и подтвердить сегодняшнюю дату?",
            "Не знаете ли вы, какое сегодня число?",
            "Можете ли вы поделиться со мной сегодняшней датой?",
            "Есть ли у вас шанс сказать мне сегодняшнюю дату?",
            "Какова сегодняшняя дата по вашему календарю?",
            "Не могли бы вы, пожалуйста, сказать мне, какое сегодня число?",
            "Не могли бы вы сообщить мне, какой сегодня день месяца?",
            "Можете ли вы помочь мне и сообщить сегодняшнюю дату?",
            "Есть ли у вас представление, какое сегодня число?",
            "Хотите поделиться сегодняшней датой со мной?",
            "У вас есть сегодняшняя дата под рукой?",
            "Можете ли вы раскрыть сегодняшнюю дату мне?",
            "Не могли бы вы просветить меня на сегодняшнюю дату?",
            "Какова текущая дата, если не возражаете, чтобы я спросил?",
            "Есть ли у вас какие-либо идеи о сегодняшней дате?",
            "Можете ли вы прояснить, какая сегодня дата?",
            "Какова дата для сегодняшнего дня?",
            "Можете ли вы рассказать мне, какая сегодня дата?",
            "Есть ли у вас сегодняшняя дата под рукой?",
            "Какова дата по вашему календарю сегодня?",
            "Есть ли обновления о сегодняшней дате?",
            "Можете ли вы раскрыть сегодняшнюю дату мне?",
            "Есть ли у вас какие-либо детали о сегодняшней дате?",
            "Можете ли вы поделиться информацией о сегодняшней дате со мной?"
        ],
        "greet": [
            "Привет!",
            "Привет!",
            "Привет!",
            "Здравствуйте!",
            "Доброе утро!",
            "Добрый день!",
            "Добрый вечер!",
            "Привет!",
            "Приветствую!",
            "Привет!",
            "Как дела?",
            "Как у вас дела?",
            "Рад вас видеть!",
            "Привет, как у вас дела?",
            "Привет!",
            "Привет, как у вас дела?",
            "Приятно познакомиться!",
            "Привет, что нового?",
            "Привет, приятно познакомиться!",
            "Как ваши дела сегодня?",
            "Доброе утро!",
            "Что нового?",
            "Как дела?",
            "Рад вас видеть!",
            "Привет, как ваш день?",
            "Рад вас видеть!",
            "Как у вас дела?",
            "Привет, что нового?",
            "Привет, как у вас дела?",
            "Как ваши дела?",
            "Привет, как ваши дела?",
            "Привет, как вам жизнь?",
            "Привет, приятно вас встретить!",
            "Как ваш день до сих пор проходит?",
            "Что нового?",
            "Привет, что у вас нового?",
            "Как ваши дела?",
            "Привет, как у вас дела?",
            "Привет, как ваша неделя проходит?",
            "Привет, как у вас дела?"
        ],
        "goodbye": [
            "До свидания!",
            "Береги себя!",
            "Увидимся позже!",
            "Пока на этом!",
            "Увидимся позже!",
            "Хорошего дня!",
            "До следующей встречи!",
            "Покедова!",
            "До скорого!",
            "До свидания на данный момент!",
            "Берегите себя!",
            "До скорой встречи!",
            "Легкой походки!",
            "Адьос!",
            "До встречи!",
            "Хорошего дня!",
            "Пока!",
            "Оставайтесь на связи!",
            "Берегите себя!",
            "Увидимся!",
            "Прощай!",
            "Пока!",
            "Всего наилучшего!",
            "Мир и любовь!",
            "Береги себя!",
            "До встречи, крокодил!",
            "До свидания!",
            "До бесконечности и дальше!",
            "Сохраняйте веру!",
            "Осторожнее!",
            "До свидания!",
            "Arrivederci!",
            "Hasta la vista!",
            "Через некоторое время, крокодил!",
            "Пока!",
            "Будь здоров!"
        ]
    }
}
